;username;text;date
0;brilionet;"Gubernur DKI Jakarta Anies Baswedan kembali menerapkan pelaksanaan Pembatasan Sosial Berskala Besar atau PSBB Jakarta. ""Kita terpaksa kembali menerapkan Pembatasan Sosial Berskala Besar seperti pada masa awal pandemi dulu. Bukan lagi masa transisi, tapi PSBB awal dulu,"" ucap Anies (9/9).Pelaksanaan rem darurat, menurut Anies demi menyelamatkan masyarakat Jakarta karena tengah terjadi tren kenaikan kasus Covid-19 di Jakarta. Dia mengatakan saat ini ketersediaan tempat tidur isolasi sebanyak 4.800-an bisa penuh jika kondisi tidak berubah. ""Kami sampaikan malam ini sebagai ancang-ancang, mulai Senin 14 September kegiatan perkantoran yang non-esensial diharuskan melaksanakan kegiatan bekerja dari rumah,"" kata Anies menjelaskan.Sementara itu, jumlah pasien positif Covid-19 di Jakarta bertambah 1.026 kasus pada Rabu 9 September 2020. Dengan penambahan tersebut jumlah akumulatif pasien positif Covid-19 sebanyak 49.837 orang.30w";2020-09-10T01:17:03.000Z
1;brilionet;"Dikutip brilio.net dari liputan6.com, Pusat Pengelolaan Komplek Gelora Bung Karno (PPKGBK) mulai memperketat aturan bagi masyarakat yang ingin berkunjung ke kawasan tersebut, salah satunya dengan melarang ibu hamil dan anak-anak masuk kawasan kompleks GBK.Direktur Utama PPKGBK Winarto mengatakan, kebijakan tersebut diambil setelah pengelola menemukan masih banyak pengunjung, terutama di ring road SUGBK yang tidak melakukan protokol kesehatan. ""Dalam pengamatan kami, yang datang ini tidak bermaksud olahraga, tapi piknik. Mereka banyak yang membawa anak, bayi, dan kereta dorong. Mungkin hanya sekitar 40 persen yang betul-betul berolahraga,"" kata Winarto (18/6). Keputusan melarang ibu hamil, bayi, dan anak-anak juga tak serta merta diambil begitu saja. Menurut Winarto, kebijakan tersebut merupakan rekomendasi dari Ikatan Dokter Anak Indonesia.Selain melarang ibu hamil dan anak-anak di bawah usia 12 tahun, pengelola juga telah menetapkan kebijakan baru agar masyarakat bisa tetap aman dan nyaman dengan kebijakan jam operasional dimulai pada pukul 05.00-20.00 WIB, akses masuk ke kawasan GBK melalui Pintu 5 dan Pintu 10, dan area Ring Road Stadion Utama GBK hanya untuk pejalan kaki.Jangan lupa cek terus ya di www.brilio.net untuk hal-hal menarik, unik, langka dan info terupdate lainnya.42w";2020-06-19T03:08:35.000Z
2;brilionet;Presiden AS Donald Trump mengatakan dia dan ibu negara Melania Trump dinyatakan positif Covid-19.Dalam sebuah unggahan di Twitter pada Jumat (2/10), ia menyampaikan informasi tersebut. â€œKami akan segera memulai proses karantina dan pemulihan kami. Kami akan melewati ini bersama!â€ tulis Trump.Sebelumnya, salah satu penasihat Presiden AS Donald Trump, Hope Hicks, dinyatakan positif terpapar Covid-19. Penasihat presiden itu sempat melakukan perjalanan bersama Trump dengan Air Force One ke debat presiden AS di Ohio pada Selasa kemarin.27w;2020-10-02T05:37:38.000Z
3;brilionet;"Pemprov DKI Jakarta memutuskan mengurangi kebijakan rem darurat dan kembali menerapkan Pembatasan Sosial Berskala Besar (PSBB) Transisi, mulai 12-25 Oktober 2020. Dengan pelonggaran itu, maka beberapa aktivitas Indoor boleh kembali diperbolehkan beroperasi, salah satunya bioskop. ""Dengan pengaturan tempat duduk secara ketat,"" kata Anies dalam keterangan tertulis, Minggu (11/10/2020).Aktivitas indoor yang dimaksud adalah bioskop, meeting, workshop, seminar, teater, akad nikah, pemberkatan, upacara pernikahan. Namun, kegiatan tersebut baru dapat dibuka saat PSBB Transisi dengan syarat harus melalui pengajuan persetujuan teknis oleh pengelola gedung kepada Pemprov DKI.Selain itu, terdapat enam syarat lainnya untuk dapat izin operasi saat PSBB Transisi, yakni:- Maksimal 25% kapasitas.- Jarak antar tempat duduk minimal 1,5 meter- Peserta dilarang berpindah-pindah tempat duduk, atau berlalu- lalang (melantai)- Alat makan-minum disterilisasi- Pelayanan makanan dilarang dalam bentuk prasmanan- Petugas memakai masker, face shield, dan sarung tangan.25w";2020-10-12T03:08:05.000Z
4;mitrakorpora.id;"Dilansir dari health.detik.com, saat seseorang terinfeksi virus Corona, berbagai gejala biasanya muncul seperti demam, batuk hingga diare. Bahkan sebagian lainnya ada juga yang tidak mengalami gejala apapun atau disebut dengan orang tanpa gejala (OTG).â£â£Namun dari beberapa gejala yang ada, kehilangan indra penciuman atau anosmia menjadi salah satu yang paling khas. Meskipun sering dialami saat seseorang flu, hal ini akan jauh lebih parah pada pasien COVID-19.â£â£Apa itu anosmia?â£â£Anosmia adalah kehilangan kemampuan indra penciuman yang biasanya dialami oleh seseorang yang sedang flu karena hidung tersumbat. Tetapi, belakangan kondisi ini sering sekali dialami para pasien COVID-19, diikuti dengan hilangnya kemampuan indra perasanya.â£â£Bagaimana kondisi itu bisa terjadi?â£â£Menurut penelitian, penyebab kehilangan penciuman ini bisa terjadi pada pasien COVID-19 karena adanya protein di permukaan beberapa sel manusia, yang bisa dengan mudah 'mengikat' virus Corona.â£â£""Ini adalah sel-sel yang ditemukan di jantung, paru-paru, usus, tenggorokan, dan hidung,"" tulis peneliti yang dikutip dari Science Focus, Senin (21/9/2020).â£â£Sampai kapan gejala itu akan terjadi?â£â£Berdasarkan studi lanjutan yang dilakukan, para ilmuwan pun mengamati pasien yang pulih dari COVID-19. Mereka menemukan bahwa neuron sensorik ini perlahan mulai kembali dari waktu ke waktu, tetapi efek jangka panjang gejala ini masih belum diketahui.â£â£""Beberapa pasien COVID-19 melaporkan setelah kemampuan indra penciuman mereka kembali, mereka mencium bau yang menyimpang (parosmia) dan bertahan selama berbulan-bulan,"" ujar Dr Lane.â£â£""Gangguan bau jangka panjang COVID-19 ini tidak biasa, sehingga perlu dilakukan studi lebih lanjut,"" imbuhnya.â£â£#mitrakorpora #mysafe #mysafeapp #beritaterkini #updatecovid19 #updatecovid #viral #updatecovid19indonesia #updatekorona #beritaindonesia #beritaviruscorona #covidindonesia #covidindo #beritacovid19 #viralindonesia #beritacovid #updatecovid #pakaimasker #beritaviral #beritaviralhariini #beritaviral_hits #covid19 #beritakorona #lawancovid19 #beritaterbaru #viralbanget22w";2020-11-02T11:20:30.000Z
5;seminar_um;"[MYOSIN WEBINAR SERIES PART 3]Yang ditunggu telah tiba!!â€¢Hoax? Bagaimana jadi pribadi yang lebih bijak terhadap info ya?Bingung cara membuat konten kreatif dan inovatif disaat krisis?â€¢Dengan bangga, Achilles mempersembahkan..â€¢MYOSIN WEBINAR SERIES PART 3â€¢ğŸ—“ï¸ Minggu, 13 September 2020ğŸ•› pukul 13.00-15.00 WIBğŸ“³ Live via zoom dan youtube di kanal Baksos FK UNAIR MYOSIN 2020ğŸŸï¸ FREE registğŸ E-SERTIFâ€¢Narasumber :â€¢ dr. Ricky Indra Alfarai (Health and Academic Influencer, PhD student in Japan)â€¢ Gita Savitri Devi, B. Sc ( Creators of Change Ambassador)Moderator:â€¢ Arya Satya Rajanegara, S. Ked (Founder Meniscus, Sekretaris Wilayah 4 ISMKI 2019/2020)MC:â€¢Alfira Nailatul Izzah (Duta Favorit FK Unair 2018)Jadi, jangan lewatkan kesempatan mendapatkan Ilmu!Segera daftarkan dirimu,dan ajak orang-orang terdekat mu!â€¢Di link>> bit.ly/WebinarMYOSIN2020Link di bioâ€¢"" Sedikit kebaikan yang kita berikan, bisa sangat berarti bagi mereka yang membutuhkan""Myosin 2020â€¢#BaksosFKUNAIR #MYOSIN2020#FKUNAIR#MulaiBerbuat #Maribermanfaat #mulaiajadulu #Pejuangmanfaat#WEBINAR #webinargratis #webinarseries #webinarkesehatan #covid19 #covid_19 #covidindonesia #covidjatim #newnormal #newnormal2020 #kebiasaanbaru #kebiasaanbaru2020 #produktif #millenial #seminar_um29w";2020-09-12T07:05:50.000Z
6;mitrakorpora.id;Dilansir dari pandemictalks, momen pengetukan palu akan RUU Cipta Kerja atau #omnibuslaw saat pandemi berlangsung telah memantik keramaian-keramaian demontrasi oleh beberapa buruh dan rakyat di beberapa daerah. Sebuah keputusan yang tidak tepat momentumnya, karena menimbulkan reaksi buruk bagi pandemi, yaituâ£â£â£â£1. Keramaian dalam jarak dekatâ£, kemungkinan ada beberapa orang tidak menggunakan masker.â£2. Durasi keramaian lamaâ£.â£3. Droplets/aerosol yang berterbaran saat orasiâ£. Orang berteriak mengeluarkan banyak Droplets.â£4. Dan paling bahaya adalah tiada TESTING dan TRACING saat/sesudah demonstrasi berlangsung.â£â£â£â£Karena dikhawatirkan akan muncul klaster besar demo, lalu bermigrasi ke klaster keluarga juga klaster kantor/pabrik. Super-Spreader event juga dikhawatirkan terjadi.â£â£Untuk itu, demi mencegah penyebaran virus korona saat demonstrasi tetap disiplin menerapkan protokol kesehatan ya safe people!â£â£â£Berikut ini adalah cara demostrasi yang aman dan sehat saat pandemiâ£â£1. Gunakan maskerâ£2. Gunakan pelindung mata/kacamata untuk mengurangi transmisi virus melalui mata.â£3. Jaga jarak minimum 2 meter dengan peserta demo lainnyaâ£4. Usahan jangan berada di posisi tengah barisan demonstrasi, namun di ujung luar garis deminstrasi. Selain itu, perhatikan arah angin untuk minimalisir penyebaran aerosol.â£â£â£#mitrakorpora #mysafe #mysafeapp #beritaterkini #updatecovid19 #updatecovid #viral #updatecovid19indonesia #updatekorona #beritaindonesia #beritaviruscorona #covidindonesia #covidindo #beritacovid19 #viralindonesia #beritacovid #updatecovid #pakaimasker #beritaviral #beritaviralhariini #beritaviral_hits #covid19 #beritakorona #lawancovid19 #beritaterbaru #viralbanget23w;2020-10-27T11:00:36.000Z
7;vidteutic;Najwa mewawancarai kursi kosong?Acara mata najwa kini menjadi sorotan dikarenakan suatu momen ketika najwa mewawancari kursi yang tidak ada orang padahal memang sebelumnya dia mengundang mentri kesehatan namun tidak hadir dan dia tetap melajutkan acara dengan mewawancari kursi kosong wow. Menurut kalian gimana?...Credit tertera di video ğŸ˜ŠSource: Tiktok..Jangan lupa follow Vidteutic ya gaes ğŸ˜Š@vidteutic@vidteutic@vidteutic..#najwashihab #terawan #covid #covidindonesia27w;2020-09-29T13:02:46.000Z
8;turono86;Ternyata Poto saya dari kecil sudah pakai maskerğŸ˜·ğŸ˜€ğŸ˜.#protokolkesehatan#memakaimasker#covidindonesia#covid19indonesia30w;2020-09-07T12:44:19.000Z
9;tkl_official_store;"""Dunia ini ibarat bayangan,kalau kamu berusaha menangkapnya,ia akan lari.Tapi kalau kamu membelakanginya,ia tak punya pilihan selain mengikutimu.""- Ibnu Qayyim Al Jauziyyah -#indonesiatangguh #indonesiasehatdarirumah #indonesiajuara #sehatnegeriku #semangat #semangatindonesia #semangatpagiğŸ’ª #katakatabijak #islamicquotes #nasehat #nasehatislam #covidindonesia #lawancovid19 #quotereligi #quotesoftheday #pesan #pesanibu #ingatpesanibu #moslemquotes25w";2020-10-12T03:35:19.000Z
10;baksosfkunair;"MYOSIN WEBINAR SERIES #3â€¢Telah terlaksana webinar terakhir dari MYOSIN Webinar Series dengan tema ""Cerdas dan Kreatif dalam Bersosial Media di Era Milenial"". Terima kasih kepada narasumber dan seluruh peserta. Semoga webinar yang diberikan dapat menginspirasi kita semua dan bermanfaat untuk mendukung aktivitas kita di era milenial ini.â€¢""Sedikit yang kita berikan, bisa sangat berarti bagi mereka yang membutuhkan"" -Myosin 2020-#BaksosFKUNAIR #MYOSIN2020 #FKUNAIR #MulaiBerbuat #MariBermanfaat #mulaiajadulu #Pejuangmanfaat #WEBINAR #webinargratis #webinarseries #webinarkesehatan #covid19 #COVID-19 #covidindonesia #covidjatim #newnormal #newnormal_2020 #belajar #hoax #creative #content29w";2020-09-13T12:06:59.000Z
11;adeameliaoct19;Hey everyone, Christmas is coming! ğŸ„ğŸ…As you make your holiday plans, remember that the best gift ğŸğŸ‰ you can give is stay home and stay safe!Stronger than ever ğŸ’ªğŸ» Yes.. i was tested positive for #covid19 and believe me, itâ€™s only time that positive sounded so negative.Iâ€™m still recovery each day, trying to be stronger physically, mentally, and emotionally.Thanks to my lovely husband, entire family who stood by my side and all friends who supported in every possible way â¤ï¸â¤ï¸â¤ï¸ITâ€™S ONLY BY HIS GRACE, iâ€™m getting my energy back slowly. Thank you for all the love, pray, and support you guys have given me so far.Badai pasti berlalu~~~#covidsurvivor #covidindonesia16w;2020-12-14T07:21:32.000Z
12;susierna1;Ini kenyataan yang sulit diterima tapi juga tak bisa diabaikan#Covid #covidindonesia #covid_19 #Jepara #JeparaKita39w;2020-07-10T13:25:41.000Z
13;dokterdecsa;Kulik santai minggu besok kita mengimport dokter Psikiatri yg beken yaitu @algristianhafid ! Kita akan bahas lebih dalam infodemics (jutaan infoo yang seliweran saat ini) benernya madu atau racun sih? Kita akan bahas kenapa informasi (bisa bener atau bohong) itu madu untuk raga kita atau ternyata racun! Syedappp..Jangan lupa minggu besok yaaa! Jam nya tetep dong jam 20.00#kuliksantai #livetalk #infodemic #infokesehatan #infosehat #psikiatri #instagramlivestream #dokterpedia #covidindonesia28w;2020-09-22T23:44:48.000Z
14;ammarchildrensbooks;produk gabungan antara buku dan boneka yang dikemas apik dengan penambahan fitur audio. Konsep buku boneka pertama di Indonesia yang cocok menemani aktivitas buah hati dimanapun berada.Hubungi Book Advisor kesayangan Ayah Bunda sekarang juga,hubungi Bunda Dea WA 085708850299 atau klik link di bio untuk info selengkapnya ya! ğŸ˜‰â£â£â£â£ğŸ˜ŠğŸ’•â£â£â£â£â£â£â£â€”#momliteracyexpo2020â£â£#mizanmle2020â£â£#mandiramle2020â£â£#mbcmle2020#mizanstore2020#gabungduluaja #bukuanakmataram #bukuanakjawa #covid19italia #covidindonesia #covid19 #motherhood29w;2020-09-17T03:09:58.000Z
15;foranature;Selalu taati protokol kesehatan dan lakukan 3M yaitu Memakai Masker, Mencuci Tangan dan Menjaga Jarak. Lindungi selalu keluarga â¤#coviÌ‡d19 #covid19indonesia #covidlife #covidindonesia #cegahcovid19 #cegahcovid #cegahcovid19bersama #cegahcorona #cegahcoronabersama #mencucitanganpakaisabun #mencucitangan #menjagajarak #pakaimaskeryuk #pakaimaskerselalu #pakaimasker #pakaimaskerlebihaman #pakaimaskeruntuksemua #pakaimaskerutksemua #maskerkain #maskerterbaik #lindungikeluargaanda #lindungikeluarga #tipskeluarga #tipskeluargasehat #tipssehatalami #tipssehat #tipssehatkeluarga27w;2020-09-28T10:58:25.000Z
16;kitabeli_id;Kasus covid-19 klaster keluarga sempat merebak nih beberapa waktu terakhir.. TemanKita, hindari penyebarannya dengan tips di atas ini yuk ğŸ‘†ğŸ»-Jangan lupa simpan dan bagikan ke teman-teman yang lainnya juga ya! Stay safe, TemanKita ğŸ¥°27w;2020-09-29T11:36:18.000Z
17;infogamer.id;Apa aja sih yg kalian lakuin dirumah selama pandemi? ğŸ¤”.Admin yg pasti ngegame dong wkwk, Semoga pandemi ini cepat berakhir. tag teman kamu..â–â–â–â–â–â–â–â–â–â–â–â–â–â–â–â–â–â–âœ”FOLLOW FOR MORE MEME & INFO:@infogamer.id@infogamer.id@infogamer.idâ–â–â–â–â–â–â–â–â–â–â–â–â–â–â–â–â–â–[BONUS TAG]#covidindonesia #gamerforlife#indogamers â–â–â–â–â–â–â–â–â–â–â–â–â–â–â–â–â–37w;2020-07-21T06:16:03.000Z
18;thecleanerindo;Cara menggunakan masker harus benar agar lebih efektif dalam pencegahan penyebaran virus ğŸ¦ .#idntimes #covid_19 #corona #protokolkesehatan #protokolkesehatancovid19 #coronaindonesia #coronajakarta #covidindonesia26w;2020-10-06T03:52:37.000Z
19;dr_dewi_s;My normal Sunday.. What about yours?#dokteranakmedan #rsiastellamaris#rsiastellamarismedan #dokteranak #pediatrician #siagacovid19 #covid19 #covid19indonesia #covidindonesia #stopcovid19 #pandemic2020 #proimunisasi #imunisasi #indonesiasehat #anakindonesia #balitasehat #bayisehat #bayisehatindonesia #anakmedan #newnormal #newnormalindonesia #newnormalmedan #bersamalawancorona #newnormal202039w;2020-07-05T10:50:02.000Z
20;dr.muslimkasim;Vaksinasi termasuk dalam imunisasi khusus yang dimuat dalam Peraturan Menteri Kesehatan Nomor 12 Tahun 2017 tentang Penyelenggaraan Imunisasi, Vaksinasi dilakukan dengan tujuan untuk tercapainya herd immunity atau kekebalan masyarakat di suatu negara terhadap suatu penyakit tertentu.Jika hal itu tidak tercapai, maka dikuatirkan jumlah korban meninggal terus akan bertambah, pemulihan kesehatan masyarakat akan memakan waktu lebih lama dan tentu biaya yg dikeluarkan pun akan semakin besar. Kita semua pastinya berharap strategi yg diterapkan @kemenkes_ri @satgascovid19.id utk menyelenggarakan vaksinasi bisa direncanakan secara matang dan baik agar tercapai target tujuannya.Jadi gimana menurut boss2kuh Layakkah bila rakyat hrs bayar utk mendapatkan vaksin ini?Silakan tulis jawaban dan alasanmu di kolom komen ya :)Thanks..ğŸ™ğŸ»Tetap jaga protokol kesehatan danStay safe and healthy semua ya ğŸ˜Š ğŸ™ğŸ½#vaksincovid19 #herdimmunity #vaccinecovid19 #sinovac #pandemicovid19 #vaksin#indonesialawancorona #antibodi #covid19indonesia #vaksincorona#mentrikesehatan #indonesiabangkit #protokolkesehatan #cucitangan #stopcovid19 #menkes #faktakesehatan #covidindonesia #updatecovid19 #beritacorona #indonesialawancovid19 #coronamasihada16w;2020-12-15T01:05:12.000Z
21;ammarchildrensbooks;Good Morning Ayah Bunda ğŸ¤—ğŸ˜ â£â£Salah satu board book dalam Healthy Kids berjudul Achoo terdapat fitur slide dan push pull nya yang bisa dimainkan si kecil lho ğŸ¤©ğŸ¤©â£â£Semuanya dirancang untuk melatih kemampuan motorik halus anak dari pergelangan tangan hingga jari-jarinya. ğŸ¥°ğŸ˜â£â£Hubungi Book Advisor Bunda DeaWA 085707850299 sekarang juga untuk info selengkapnya ya ğŸ˜‰â£â£#BeHealthyWithHealthyKids #HealthyKids #AnakSehat #LalaRaka #BentangKids #Bentangpustaka #GabungAjaDulu #ResellerMandira #mandiradiansemesta #boardbook #boardgame #covid19 #coronavirus #covidindonesia #hidupsehat #hidupbersih #bukuanakmontessori #bukuanakbestseller #BukuBalita #bukubalitabestseller27w;2020-10-01T03:23:58.000Z
22;momandbabyspabidandesi;Bismillah semoga menjadi jalan ikhtiar, kami SIAP....ğŸ˜‰ğŸ˜ŠSemoga covid cepat berlalu..#covid_19 #covidindonesia #covidfree12w;2021-01-11T10:06:56.000Z
23;ammarchildrensbooks;Selalu ingin si kecil menjaga kebersihan ğŸ¥°Mencuci tangan yang baik dan benar merupakan hal esensial yang wajib diajarkan oleh para orang tua kepada anak-anaknya.Mengingat, sebagian besar kegiatan yang kita lakukan sehari-hari hampir semuanya melibatkan tangan.Temukan hanya di Healthy Kids ğŸ¥°Segera hubungi Book Advisor Bunda Dea WA 085707850299 untuk info selengkapnya ya ğŸ˜‰#BeHealthyWithHealthyKids #HealthyKids #AnakSehat #LalaRaka #BentangKids #Bentangpustaka #GabungAjaDulu #ResellerMandira #mandiradiansemesta #boardbook #boardgame #HealthyKidsMandira #covidindonesia #bukudongeng #bukubalitajombang #bukuanakmataram #bukuanaklombok #bukuanakbandung #bukuanakbekasi #BelajarMengaji27w;2020-10-01T03:28:27.000Z
24;tempodotco;Koran Tempo edisi tanggal 31 Agustus 2020 lalu menulis liburan panjang menjadi salah satu pemicu lonjakan kasus Covid-19.DKI Jakarta berkontribusi paling banyak menyumbang pasien positif Covid-19. Tim Gugus Covid-19 DKI Jakarta mencatat ada lonjakan jumlah kasus sebanyak 1.114 pada 30 Agustus 2020.Kepala Bidang Pencegahan dan Pengendalian Penyakit Dinas Kesehatan DKI, Dwi Oktavia, mengatakan lonjakan jumlah kasus dalam sepekan terakhir dipengaruhi oleh efek libur panjang pada rentang 16-22 Agustus 2020. â€œSebagian besar terpapar saat libur panjang akhir pekan,â€ kata Dwi.#datatempo#tempodotco#majalahtempo#korantempo#tempopublishing#covidindonesia #covid19#covid19indonesia #jakarta#aniesbaswedan #psbb29w;2020-09-13T03:00:45.000Z
25;dr_dewi_s;ğŸ‡®ğŸ‡© Dirgahayu RI ke 75 ğŸ‡®ğŸ‡©Indonesia MajuMerdeka#dirgahayuindonesia#dokteranakmedan #rsiastellamaris#rsiastellamarismedan #dokteranak #pediatrician #siagacovid19 #covid19 #covid19indonesia #covidindonesia #stopcovid19 #pandemic2020 #proimunisasi #imunisasi #indonesiasehat #anakindonesia #balitasehat #bayisehat #bayisehatindonesia #anakmedan #newnormal #newnormalindonesia #newnormalmedan #bersamalawancorona #newnormal2020 #medan33w;2020-08-17T04:19:42.000Z
26;atalifshop.penegakbadan;Dengan harga 180.000, kamu bisa tebus alat ini untuk memperbaiki tulang punggung yang mulai membungkuk karena :â˜˜ï¸ Usiaâ˜˜ï¸ Cedera olahragaâ˜˜ï¸ Kebiasaan duduk yang burukâ˜˜ï¸ Penyakit dan lain-lainKelebihan dibanding produk lain :â˜˜ï¸Desain nyamanâ˜˜ï¸Strap bisa disesuaikan kencang kendor sesuai dengan keinginan andaâ˜˜ï¸Tidak akan membuat anda kesakitan/sesakâ˜˜ï¸Bahan nyaman tidak bikin iritasi atau gatal seperti merek lainCara pakai :Sesuaikan strap dengan ukuran anda, senyaman anda, pakailah 15-30 menit sehari sesuai kebutuhan anda..ğŸ“ŒORDER BY WA 085286799191ğŸ“ŒPayment BCA/BRIğŸ“ŒSHIPPING JNE/J&TğŸ“ŒMAX ORDER JAM 2 SIANG UNTUK DIKIRIM DIHARI YANG SAMA.Note : Ada ribuan foto yang beredar didunia maya, namun setiap penjual memiliki kualitas barang yang berbeda, so jangan tertipu. Hanya kami yang menjamin kualitas terbaik ğŸ˜‰----------------------------------------------------------------Pastikan beli ditoko kami, THE BEST QUALITY ğŸ‘‡Follow â€” Follow â€” Follow@atalifshop.penegakbadan@atalifshop.penegakbadan@atalifshop.penegakbadan ----------------------------------------------------------------#indonesia #jakarta #like #bali #pulauweh #viralbanget #dirumahaja #surabaya #covidindonesia #kulinerbandung #bandungphotography #follow #medan #repost #love #travel #jawabarat #jawatimur #likes #jogja #pesonaindonesia #islam #semarang #fashionindonesia #pondokgede #bintaro #bsdcity #pandemic25w;2020-10-16T02:47:04.000Z
27;gunawanwilliam;Teman2 silahkan LIke video kami di Youtube yah! Caranya silahkan klik di Link Bio saya dan Klik Youtubenya, trus di LIKE deh! Thanks yah semua!!! #gkiperniagaan #gkipernias #bulankeluarga #covid_19 #covid #covidindonesia24w;2020-10-20T06:41:56.000Z
28;andriwelly_;Inilah sebagian kisah kami di masa sulit ini.. Sudah lebih dari 100 dokter yang gugur.. This is our story..(Full story nya ada di Youtube channelnya dokter keceh @clahayes https://youtu.be/trDi7YFdc2U )Makasih utk kesempatannya Doc Clarin! ğŸ™ŒğŸ»ğŸ¤ŸğŸ»â€œLekas pulih Indonesiaku ğŸ‡®ğŸ‡©ğŸ‡®ğŸ‡©â€Btw ini video uda di review dan disetujui oleh European Union dan UNDP (United Nation Development Programme).. ğŸ¤—â˜ºï¸#covid19 #covid_19 #covidindonesia #dokterkandungan #badaipastiberlalu #jagadirisemangatbelajar #akulawancovid19 #UreportCOVID19 #bersatulawancovid30w;2020-09-08T06:21:52.000Z
29;melodia_jog;JANGAN ORDER DARI MELODIA!Kita semua harus bersatu untuk bangkit dari pandemi ini ya melodiacs! Saling mendukung dan merangkul satu sama lain di masa pandemi ini agar semuanya bisa kembali berdiri lebih kokoh dari sebelumnya!#melodiamusik #hanyadimelodia #covid19 #covidindonesia22w;2020-11-05T08:52:54.000Z
30;coronavirus.updates.news;Active cases in different parts of the world as of 08.04.21Source: https://www.worldometers.info/coronavirus/Illustration: rawpixel.com#corona #coronaindonesia #covid_19 #covid #coronaviruspandemic #news #coronanews #covidnews #covidupdates #coronaupdate #covidupdate #pandemic #covidindonesia #school #schoolproject4h;2021-04-09T13:15:50.000Z
31;verdaomvvc.oficial;Governo do Estado confirma volta do PaulistÃ£o, datas serÃ£o divulgadas nesta sexta-feira@palmeiras @fpf_oficial #palmeirasantifascista #futebolÃ©vida #futeboldevÃ¡rzea #palmeirasminhavidaevocÃª #palmeirasgigante #coviÌ‡d19 #futebol2019 #futebolâš½ #palmeirasğŸ’š #covidindonesia #palmeirasminhavida #palmeirastour #covid_19ğŸ˜· #palmeirasonline #avantipalmeiras #sociedadeesportivapalmeiras #familiapalmeiras #futebolbrasileiro #palmeirasminhavidaÃ©vocÃª #sepalmeiras #futebolnaveia #futebolaovivo #meupalmeiras #futebolpaulista #futebolprofissional #soupalmeiras #palmeirascampeao #covidbrasil #palmeiraskids #tvpalmeiras5h;2021-04-09T11:53:36.000Z
32;mysafeapp;Halo MySafriends! Sudah tau keunggulan aplikasi MySafe dibanding aplikasi kesehatan lain, belum?Nih, Mimin kasih sedikit bocorannya! Kalau mau liat yang lebih lengkap, tunggu kehadiran MySafe Apps segera di Google Play Store & App Store!#mitrakorpora #mysafe #mysafeapp #beritaviruscorona #covidindonesia #covidindo #updatecovid #beritaviral #beritaviralindonesia #beritaviralhariini #dirumahaja #jagajakarta #covidjakarta #jakartatanggapcorona #hadapibersama #jagajarakaman #jagajarakdulu #pakaimasker #aplikasicovid19 #aplikasicovid #covid19 #covid19indonesia #beritacovid19 #beritacovid #beritakorona #lawancovid19 #pesanibu6h;2021-04-09T11:36:02.000Z
33;dr.fajriaddai;Insta Live dg @cofight_id: Mutasi Corona, Apa Bahayanya? [Bagian ke-2]dr. Muhamad Fajri Adda'i*monggo jika ingin share/repost ğŸ™#covidindonesia#covid19indonesia#updatecovid19#indonesialawancovid19#lawancovid_19#pakemasker#indonesiakuat#melawancorona#covid2020#rapidtestcorona#rapidtest#vaksÃ¬nasicovid19#rapidtestcovid19#vaksin#vaksÃ¬ncovid19#alatmedis#mencegahcorona#coronaindonesia#cegahcorona#lawancorona#cucitangan#bersatulawancovid19#jagakesehatan#lawancovid19#indonesiasehat6h;2021-04-09T11:33:28.000Z
34;morajayatani_rempah;Supplier Jahe Merah Segar ğŸƒStock Selalu Ready âˆšPetani Jahe Merah Pemula ğŸ”°@morajayatani_rempah#jahe#jahemerah#bertani#jahe#jualjahemerah#petani#indonesia#rempah#jamu#bisnisdigital#vaksin#covidindonesia#organik#petaniindonesia#budidaya#jamu#benih#bibit#simalungun#medan#pasarinduk#organik#cargo#bisnissampingan#pabrik#kebun#petaniindonesia#makassar#marketplace#diskonakhirtahun7h;2021-04-09T10:22:08.000Z
35;info_indonesia.id;Update COVID-19 Global dan Indonesia, Jumat (9 April 2021).#updatecoronaindonesia #updatecorona #updatecovid19 #covidindonesia #corona #covid19indonesia #Infoindonesia8h;2021-04-09T09:30:39.000Z
36;laskarciptahati;"Nabi PalsuDari Anas bin Malik ra, Nabi Muhammad bersabda, ""Firdaus adalah surga yang paling tinggi, yang paling bagus, dan yang paling afdal (utama)."" (HR. Turmudzi dan disahihkan oleh Al-Albani).Rasulullah Shallallahu â€˜alaihi wa sallam bersabda,â€Aku mendatangi pintu surga pada hari kiamat. Lalu aku minta dibukakan. Maka penjaga pintu Surga berkata, â€˜Siapakah engkau?â€™ Lalu aku jawab,â€™Aku Muhammadâ€™. Lantas malaikat tersebut berkata,â€™Aku diperintahkan dengan sebab engkau. Aku tidak membukanya untuk seorangpun sebelum engkauâ€™.â€ (HR Muslim).Tag orang terdekatmu, biar tauğŸ‘‡Bantu dakwah ğŸ‘‡&lihat vidio lainnyaShare & follow @laskarciptahatiSumber YT HIJRAH TOTAL#prayforkalsel #banjarbaru #banjarmasin #banjirkalsel #covidindonesia #bukuislami #ilmuagama #dirumahsaja #videoislam #infobanjar #motivasionline #habarbanua #kalamberhijrah #sholawatbanjari #islamicquotes #wowfaktavidio #wargabanua #selfreminder #hijrahsantun #beranihijrah #syekhalijaber #hijrahquote #faktanyamuslim #banjarinfo #notemuslimah #duniabersholawat #klikbanjar #laskarciptahati9h";2021-04-09T07:39:58.000Z
37;sin_ata_lia;#vaksincoronavirus #vaksin #sinovac #pfizer #moderna#covax #vaksinvirus #vaksincovidl 9 #dukungvaksinasicovid#dukungvaksincovidl 9 #covidindonesia #covid #viruscorona#coronavirus #coronaindonesia #covidl 9 #like41ikes#likeforlikes #likesforlike #likes #like #likeme #liketime#likesforlikesback #likeforfollowers #likeforlikealways#likeforfolback11h;2021-04-09T06:30:15.000Z
38;sangkancil21;Vaksin astrazeneca aman dan Halal#vaksincoronavirus #vaksin #sinovac #pfizer #moderna#covax #vaksinvirus #vaksincovidl 9 #dukungvaksinasicovid#dukungvaksincovidl 9 #covidindonesia #covid #viruscorona#coronavirus #coronaindonesia #covidl 9 #like41ikes#likeforlikes #likesforlike #likes #like #likeme #liketime#likesforlikesback #likeforfollowers #likeforlikealways#likeforfolback11h;2021-04-09T05:51:07.000Z
39;alkes_house;Informasi dari Kumparan, Ikut uji coba 3 siswa peserta sekolah tatap muka terpapar covid di bogor.#lindungidiri #dokterindonesia #apbaperangicovid #coronaindonesia #gardaterdepancovid19 #corona #covid #hazmatsuit #maskern95 #maskerkn95 #bersamaperangicorona #lawancorona #covid19 #covidsurvival #kitabisa#apd #covidindonesia #newnormal #kebiasaanbaru #faceshield #eswl #ginjal #batuginjal #laundryhospital12h;2021-04-09T04:45:42.000Z
40;andriealifasiska;Secara sosial kita harus saling mendukung dan menguatkan. Yang kuat bantu yang lemah. Yang berpunya, sisihkan sebagian hartanya untuk yang papa. Sisihkan juga untuk penyediaan APD dan perangkat pendukung kesehatan lainnya terutama untuk tenaga kesehatan dan tenaga pendukung lainnya.Perjuangan belumlah berakhir.Mari bersama-sama melawan covid-19.KTA IBI : 3516.1900.0043#persembahanuntuknakes#rsisakinah@__rizkiamalia__@nuniklusiandi1575@lidamawlidah@hariyati_anik@permatasari_pipit@echa.ajah.790@hertaariani@laila_agustin_d@aniklitamustika@beby.r.ayu@febrinaac@fitri_nur_awaliyah@vista_yusnia@arinovita310@khoirotunnastiti38285@lina_pramukti#covid_19 #covid19indonesia #covÄ±d19 #covid #covidindonesia13h;2021-04-09T04:24:37.000Z
41;mtf_lab;Halo, friends! Sudah tau keunggulan layanan kesehatan apa saja yang disediakan MTF Lab, belum?Nih, Mimin kasih sedikit bocorannya! Kalau mau liat yang lebih lengkap, coba deh kunjungi website mitrakorpora.id dan tunggu kehadiran aplikasi MySafe segera di Google Play Store & App Store!#mitrakorpora #mysafe #mysafeapp #beritaviruscorona #covidindonesia #covidindo #updatecovid #beritaviral #beritaviralindonesia #beritaviralhariini #dirumahaja #jagajakarta #covidjakarta #jakartatanggapcorona #hadapibersama #jagajarakaman #jagajarakdulu #pakaimasker #aplikasicovid19 #aplikasicovid #covid19 #covid19indonesia #beritacovid19 #beritacovid #beritakorona13h;2021-04-09T04:01:06.000Z
42;dinkes.sulbar;Update data covid19 Sulawesi Barat tanggal 08 April 2021-Positif : 3Mateng :3Sembuh :29Mamuju :29Meninggal : 0Total sulbar :Positif : 5378Sembuh : 5205Meninggal : 114--#surveilansdinkessulbar#covid_19#covid#covidindonesia#vaksÃ¬ncovid19#dinkessulbar#sulbarsehat#sulbarmarasa#sulbarmajumalaqbi1d;2021-04-08T17:20:37.000Z
43;mtf_lab;Hai, friends! Tahukah kamu, terdapat hal-hal yang perlu diperhatikan sebelum melakukan vaksinasi Covid-19 lho!Nah, slide kiri postingan di atas untuk tau lebih banyak tipsnya!Mau lebih banyak informasi kesehatan terkini? Mulai dari layanan kesehatan, vaksinasi, tes swab, dan lainnya? Kunjungi website mitrakorpora.id dan tunggu kehadiran aplikasi MySafe segera di Google Play Store & App Store!#mitrakorpora #mysafe #mysafeapp #beritaviruscorona #covidindonesia #covidindo #updatecovid #beritaviral #beritaviralindonesia #beritaviralhariini #dirumahaja #jagajakarta #covidjakarta #jakartatanggapcorona #hadapibersama #jagajarakaman #jagajarakdulu #pakaimasker #aplikasicovid19 #aplikasicovid #covid19 #covid19indonesia #beritacovid19 #beritacovid #beritakorona #lawancovid19 #pesanibu1d;2021-04-08T12:01:28.000Z
44;gardamedica;Pada hari selasa (6/4), tim Gardamedica melakukan proses instalasi kapsul transpor pasien infeksius bertekanan negatif, Garda Isolation Patient Capsule di RSUP Persahabatan.Pemasangan alat juga dibarengi dengan edukasi kepada para tenaga kesehatan Rumah Sakit mengenai kegunaan serta cara pemakaian dari kapsul transpor pasien tersebut.â€¢â€¢#pasien #covidupdate #covidindonesia #covid #covidinfo #covid19 #dokter #rumahsakit #negativepressure #chamber #isolationchamber1d;2021-04-08T10:11:14.000Z
45;igouni_indonesia;Pandemi covid-19 membuat kita tidak bisa melakukan aktifitas biasanya dan lebih sering berdiam dirumah. Hal ini membuat banyak masalah baru seperti stress, depresi dan kejenuhan maksimal terutama bagi anak-anak muda. ğŸ˜•Sehingga kita perlu mengatur diri kita dengan sangat baik untuk mengindari masalah psikologi. ğŸ­Stay safe, Stay Healthy!#igouni #covid_19 #info #informasi #pandemi #tips #quotepsikologi #depresi #stress #covidindonesia #pandemicovid19 #jagakesehatan #kesehatan1d;2021-04-08T09:08:22.000Z
46;mysafeapp;Hai, MySafriends! Sudah setahun lebih ya kita harus bertahan di situasi pandemi. Kondisi ini juga memaksa kita di rumah saja, tapi juga harus tetap menjaga kondisi tubuh agar terus bugar dan sehat.Nah, kali ini ada tips-tips buat kita semua agar tetap sehat dan bugar, meski #dirumahaja! Slide kiri postingan di atas untuk tau lebih banyak tipsnya!Mau lebih banyak informasi kesehatan terkini? Mulai dari layanan kesehatan, vaksinasi, tes swab, dan lainnya? Tunggu kehadiran MySafe Apps segera di Google Play Store & App Store!#mitrakorpora #mysafe #mysafeapp #beritaviruscorona #covidindonesia #covidindo #updatecovid #beritaviral #beritaviralindonesia #beritaviralhariini #dirumahaja #jagajakarta #covidjakarta #jakartatanggapcorona #hadapibersama #jagajarakaman #jagajarakdulu #pakaimasker #aplikasicovid19 #aplikasicovid #covid19 #covid19indonesia #beritacovid19 #beritacovid #beritakorona #lawancovid19 #pesanibu1d;2021-04-08T05:09:42.000Z
47;anytime.mask;Sobat Anytime udah denger belum kalau banyak beredar masker palsu?â£â£Bersumber dari kemkes.go.id, bahwa masker asli yang layak beredar adalah yang telah memenuhi persyaratan mutu keamanan dan manfaat, antara lain telah lulus uji Bacterial Filtration Efficiency (BFE), Partie Filtration Efficiency (PFE), dan Breathing Resistence sebagai syarat mencegah penularan bakteri dan virus minimal 95%. â£â£#pakaimasker #maskerpalsu #protokolkesehatan #promosikesehatan #kemenkes #tipscovid #cegahcovid #infocovid #infocovid19 #covidindonesia1d;2021-04-08T04:30:35.000Z
48;morajayatani_rempah;Supplier Jahe Merah Segar ğŸƒStock Selalu Ready âˆšPetani Jahe Merah Pemula ğŸ”°@morajayatani_rempah#jahe#jahemerah#bertani#jahe#jualjahemerah#petani#indonesia#rempah#jamu#bisnisdigital#vaksin#covidindonesia#organik#petaniindonesia#budidaya#jamu#benih#bibit#simalungun#medan#pasarinduk#organik#cargo#bisnissampingan#pabrik#kebun#petaniindonesia#makassar#marketplace#diskonakhirtahun1d;2021-04-08T03:52:33.000Z
49;rudy.romance;#proteksi#dirimu#dengan#Sequis#sequislife#covid_19#coviÌ‡d19#covid19indonesia#covidindonesia#YourBetterTomorrow#plantheunplanned1d;2021-04-08T03:45:09.000Z
50;ceritasuper;Berbagi cerita itu selalu menyenangkan! Terimakasih untuk @friendsforlife_id sudah berkunjung bersama cerita super!ğŸ¤ğŸ¤ğŸ¤ #ceritasuper #donasicovid19 #donasicorona #galangdanacovid19 #donasijakarta #donasibandung #donasipurwakarta #palembang #jakarta #bandung #purwakarta #coronaindonesia #covidindonesia #covid19indonesia1d;2021-04-08T03:16:25.000Z
51;ceritasuper;Kunjungan cerita super ke Panti Asuhan Tirta Kadesy Palembang, seru bangetâœ¨âœ¨ #ceritasuper #donasicovid19 #donasicorona #galangdanacovid19 #donasijakarta #donasibandung #donasipurwakarta #palembang #jakarta #bandung #purwakarta #coronaindonesia #covidindonesia #covid19indonesia1d;2021-04-08T03:12:57.000Z
52;alkes_house;Mutasi virus dari Sars cov 2. Varian E484K alias EEk di Indonesia. harap waspada dan berhati hati.#lindungidiri #dokterindonesia #apbaperangicovid #coronaindonesia #gardaterdepancovid19 #corona #covid #hazmatsuit #maskern95 #maskerkn95 #bersamaperangicorona #lawancorona #covid19 #covidsurvival #kitabisa#apd #covidindonesia #newnormal #kebiasaanbaru #faceshield #eswl #ginjal #batuginjal #laundryhospital1d;2021-04-08T02:45:51.000Z
53;diskonpromobali;5 Rahasia Hemat Di Musim Pandemi Tapi Tetap Bisa Punya Mobil Baru5 Rahasia hemat dimusim pandemi, tapi tetap bisa punya mobil baru @toyotaauto2000singarajaâ£â£1. Manfaatkan Program Pajak Nol Persen dari pemerintah yg masih berlaku dibulan ini (yang lagi laris Rush dan Yaris)â£â£â£â£2. Manfaatkan Program Hari-hari spesial seperti: hari raya, hari nasional, dll (nah pas mau galungan dan kuningan)â£â£â£â£3. Manfaatkan Promo yang berlaku sekarang (tunjukkan gambar ini)â£â£â£â£4. Hubungi nomor yg tercantum digambar ya, hubungai Anggi di nomor ğŸğŸ–ğŸğŸ‘ğŸ’ğŸğŸ–ğŸ“ğŸğŸğŸğŸâ£â£â£â£5. Jangan ditunda, tanya dan konsultasi sekarang sebelum antrian panjang#toyotaauto2000singaraja #toyotaauto2000 #toyotabali #mobilbali #rentalmobilbali #rentcarbali #jasasewamobil #sewamobilbali #jasasewabali #jasasewamobilbali #musimpandemi #covid19bali #covid19indonesia #covidindonesia #like4likes #lflğŸ’› #lflğŸ’™ #followme #diskonbali #promobali #promogalungan2021 #promogalungankuningan1d;2021-04-08T02:30:42.000Z
54;kairospostv;MUTASI COVID-19#Repost @dr.fajriaddaiâ€¢ â€¢ â€¢ â€¢ â€¢ â€¢Apakah yang dimaksud dg mutasi E484K?Apakah bedanya dg varian?Apakah dampaknya bagi pandemi ini?Apakah akan menyebabkan penularan lebih cepat?Bgmn efikasi vaksin?Bgmn Kita harus bersikap dg kondisi pandemi saat ini?Terutama perihal mutasi ini?dr. Muhamad Fajri Adda'i*monggo jika ingin share/repost ğŸ™#covidindonesia#covid19indonesia#updatecovid19#indonesialawancovid19#lawancovid_19#pakemasker#indonesiakuat#melawancorona#covid2020#rapidtestcorona#rapidtest#vaksÃ¬nasicovid19#rapidtestcovid19#vaksin#vaksÃ¬ncovid19#alatmedis#mencegahcorona#coronaindonesia#cegahcorona#lawancorona#cucitangan#bersatulawancovid19#jagakesehatan#lawancovid19#indonesiasehat2d;2021-04-07T16:46:20.000Z
55;rainforestnorway;"Tired of #coronavirus yet? Want to know how tropical forests are a part of the solution and how and indigenous peoples can help avoid new pandemics? Read on. Today is #WorldHealthDay, after all.Overconsumption of nature causes diseases. Diseases transferred from animals to humans are called zoonoses. They're nothing new, but their rapid occurrence and spread across the world is unprecedented. With the rapid destruction of nature globally, they are spreading much faster than before. According to the UN Environment Programme (UNEP), 75 percent of all new infectious diseases in humans originate in animals. The increase in zoonoses is linked to the loss of nature and biodiversity, illegal hunting and trade in wild animals, and the destruction of their habitats. A new deal for nature is needed.@RainforestNorway 's policy advisor Silvana Bustillo Restrepo thinks we should view tropical forest conservation as protection against climate change as well as a health measure. ""Most of the remaining intact forests today are where Indigenous Peoples live.Research finds these are also the most biodiverse, species-rich areas of the planet. At the same time, the guardians of these important ecosystems face increasing threats and lack good health services. Ensuring the health and rights of Indigenous Peoples is key for our well-being and the planet's. Let's leave no one behind!""All photos: AraquÃ©m AlcÃ¢ntara @araquemoficial#onehealth #LeaveNoOneBehind #NewDealForNature #indigenousrights #environmentalsustainability #fornature #environmentalprotection #protecttheplanet #rainforests #sgbiodiversity #savetherainforest #indigenouslivesmatter #indigenouspeoples #guardiansoftheforest #thereisnoplanetb #reforestation #respectnature #indigenouspeople #protectnature #climateaction #environmental #natureinfocus #biodiversitÃ© #protectourplanet #deforestation #saveenvironment #covid19brasil #covidindonesia2d";2021-04-07T14:23:22.000Z
56;muh_jibril__;Bismillah..._Telah dibuka pembelajaran materi kebugaran online khususnya untuk bodyweight exercise dan calisthenic selama kurang lebih 2 bulan kedepan._Materi pembelajaran antara lain :1. Materi dasar yang singkat2. Pendalaman materi3. Tips dan saran4. Video pendek_Untuk lebih jelasnya silahkan DM,Terima kasih._#fitnessindonesia #fitnessindo #belajaronline #olahraga #olahragadirumah #covidindonesia2d;2021-04-07T13:51:41.000Z
57;dinkes.sulbar;Update data covid19 Sulawesi Barat tanggal 07 April 2021-Positif : 1Majene :1Sembuh :29Polman :4Mamuju :25Meninggal : 0Total sulbar :Positif : 5375Sembuh : 5176Meninggal : 114--#surveilansdinkessulbar#covid_19#covid#covidindonesia#vaksÃ¬ncovid19#dinkessulbar#sulbarsehat#sulbarmarasa#sulbarmajumalaqbi2d;2021-04-07T12:37:54.000Z
58;ourenasport;Sering merasa engap atau susah bernapas kalo olahraga pake masker ga sih Sobat Ourena?Niatnya mau tetap mematuhi protokol kesehatan, tapi kok malah bikin olahraga jadi ga maksimal. Biasanya bisa lari kuat 5K, karena pake masker baru lari 1K aja udah ngos-ngosan.Rena punya jawaban untuk permasaahan kamu! Coba deh beberapa masker rekomendasi Rena berikut. Masker yang di design untuk menunjang aktivitas olahraga kamu loh!Masker mana nih yang jadi favorit Sobat Ourena?#ourenasport #masker #maskerolahraga #stayhoops #brodo #specs #maskerlari #covid_19 #covidindonesia #corona #coronaindonesia #mask #maskerkain #maskerkainjakarta3d;2021-04-06T05:41:51.000Z
59;bayudjuanda02;Ingat pesan ibu jangn lupa pake maskerğŸ¤­...Thats all#á´„á´á´ Éªá´…á´‡Ê€á´€#covidindonesia#uinmataramkece18w;2020-12-01T11:53:59.000Z
60;teheto_store.id;.BACA DESKRIPSI ğŸ‘‡____________________________________Santuy terus nanti gak naik kelas nangisKalian pernah merasa harus cuci tangan atau pakai hand sanitizer terus setelah menyentuh sesuatu, trus kulit kalian malah kering. Makanya beli Corona finger di @teheto_store.idSumber : terteraHastag :#pjj #sekolahonline #covidlife #covidmemes #covidvacccine #coviÌ‡d_19 #staysafeandhealthy #staysafeathome #staysafeoutthere #covidindonesia #memepjj #memespongebobsquarepants #memespongebobindonesia3d;2021-04-06T12:13:48.000Z
61;saterembige_pgk;bangga menjadi salah satu bagian dari acara @puterimodelmuslimah.babel @ssrumahpelangi.lets advanture with one of greatest indonesian cuisine...dengan bumbu dan masakan khas lombok membuat @saterembige_pgk berbeda dari yang lainnya ğŸ˜˜daging khas dalam tanpa lemak dibalur bumbu rempah pilihan sehingga rasa pedas manisnya autentik seperti daerah asalnya...ğŸ¥°..thanks buat @morinoktavia.......#pangkalpinang #satepangkalpinang #kulinerpangkalpinang #jajanpangkalpinang #erzaldirosman #bangkabelitung #bangka #pangkalpinanghits #pangkalpinanghitskekinian #pangkalpinanghitsbangka #pangkalpinangkekinian #pangkalpinangfood #pangkalpinangterkini #pangkalpinangcafe #kulinerpgk #kulinerbangka #kulinerpangkalpinang #monicahaprinda #pantaibangka #covid_19 #covidindonesia3d;2021-04-06T11:51:38.000Z
62;dr.lois_owien;#beritaterkini #berita #beritaviral #beritaterbaru #covid_19 #covid19indonesia #covidindonesia #kabar #pandemi #viruscoronavirus #merdeka #infojakarta #infokesehatan #beritaindonesia #beritanasional #faktaindo #faktaunik #faktadanmitos #indonesia #indonesiaku #indonesiasehat #sehat #sehatalami #sehatnegeriku #indonesiabebascovid #indonesiabebascovid19 #vaksÃ¬ncovid19 #vaksÃ¬nasicovid19 #vaksÃ¬nsinovac #vaksin3dReply;2021-04-06T11:38:36.000Z
63;dr.lois_owien;#beritaterkini #berita #beritaviral #beritaterbaru #covid_19 #covid19indonesia #covidindonesia #kabar #pandemi #viruscoronavirus #merdeka #infojakarta #infokesehatan #beritaindonesia #beritanasional #faktaindo #faktaunik #faktadanmitos #indonesia #indonesiaku #indonesiasehat #sehat #sehatalami #sehatnegeriku #indonesiabebascovid #indonesiabebascovid19 #vaksÃ¬ncovid19 #vaksÃ¬nasicovid19 #vaksÃ¬nsinovac #vaksin3dReply;2021-04-06T11:38:29.000Z
64;dinkes.sulbar;Update data covid19 Sulawesi Barat tanggal 06 April 2021Positif : 1Polman :1Sembuh :11Mateng :2Pasangkayu :3Majene :6Meninggal : 1Polman :1Total sulbar :Positif : 5374Sembuh : 5147Meninggal : 114#surveilansdinkessulbar#covid_19#covid#covidindonesia#vaksÃ¬ncovid19#dinkessulbar#sulbarsehat#sulbarmarasa#sulbarmajumalaqbi3d;2021-04-06T11:28:09.000Z
65;dr.lois_owien;#beritaterkini #berita #beritaviral #beritaterbaru #covid_19 #covid19indonesia #covidindonesia #kabar #pandemi #viruscoronavirus #merdeka #infojakarta #infokesehatan #beritaindonesia #beritanasional #faktaindo #faktaunik #faktadanmitos #indonesia #indonesiaku #indonesiasehat #sehat #sehatalami #sehatnegeriku #indonesiabebascovid #indonesiabebascovid19 #vaksÃ¬ncovid19 #vaksÃ¬nasicovid19 #vaksÃ¬nsinovac #vaksin3dReply;2021-04-06T11:24:12.000Z
66;dr.lois_owien;#beritaterkini #berita #beritaviral #beritaterbaru #covid_19 #covid19indonesia #covidindonesia #kabar #pandemi #viruscoronavirus #merdeka #infojakarta #infokesehatan #beritaindonesia #beritanasional #faktaindo #faktaunik #faktadanmitos #indonesia #indonesiaku #indonesiasehat #sehat #sehatalami #sehatnegeriku #indonesiabebascovid #indonesiabebascovid19 #vaksÃ¬ncovid19 #vaksÃ¬nasicovid19 #vaksÃ¬nsinovac #vaksin3dReply;2021-04-06T11:24:22.000Z
67;dr.lois_owien;#beritaterkini #berita #beritaviral #beritaterbaru #covid_19 #covid19indonesia #covidindonesia #kabar #pandemi #viruscoronavirus #merdeka #infojakarta #infokesehatan #beritaindonesia #beritanasional #faktaindo #faktaunik #faktadanmitos #indonesia #indonesiaku #indonesiasehat #sehat #sehatalami #sehatnegeriku #indonesiabebascovid #indonesiabebascovid19 #vaksÃ¬ncovid19 #vaksÃ¬nasicovid19 #vaksÃ¬nsinovac #vaksin3d1 likeReply;2021-04-06T11:24:29.000Z
68;dr.lois_owien;#beritaterkini #berita #beritaviral #beritaterbaru #covid_19 #covid19indonesia #covidindonesia #kabar #pandemi #viruscoronavirus #merdeka #infojakarta #infokesehatan #beritaindonesia #beritanasional #faktaindo #faktaunik #faktadanmitos #indonesia #indonesiaku #indonesiasehat #sehat #sehatalami #sehatnegeriku #indonesiabebascovid #indonesiabebascovid19 #vaksÃ¬ncovid19 #vaksÃ¬nasicovid19 #vaksÃ¬nsinovac #vaksin3dReply;2021-04-06T11:24:35.000Z
69;dr.lois_owien;#beritaterkini #berita #beritaviral #beritaterbaru #covid_19 #covid19indonesia #covidindonesia #kabar #pandemi #viruscoronavirus #merdeka #infojakarta #infokesehatan #beritaindonesia #beritanasional #faktaindo #faktaunik #faktadanmitos #indonesia #indonesiaku #indonesiasehat #sehat #sehatalami #sehatnegeriku #indonesiabebascovid #indonesiabebascovid19 #vaksÃ¬ncovid19 #vaksÃ¬nasicovid19 #vaksÃ¬nsinovac #vaksin3dReply;2021-04-06T11:24:41.000Z
70;dr.lois_owien;#beritaterkini #berita #beritaviral #beritaterbaru #covid_19 #covid19indonesia #covidindonesia #kabar #pandemi #viruscoronavirus #merdeka #infojakarta #infokesehatan #beritaindonesia #beritanasional #faktaindo #faktaunik #faktadanmitos #indonesia #indonesiaku #indonesiasehat #sehat #sehatalami #sehatnegeriku #indonesiabebascovid #indonesiabebascovid19 #vaksÃ¬ncovid19 #vaksÃ¬nasicovid19 #vaksÃ¬nsinovac #vaksin3dReply;2021-04-06T11:24:48.000Z
71;dr.lois_owien;#beritaterkini #berita #beritaviral #beritaterbaru #covid_19 #covid19indonesia #covidindonesia #kabar #pandemi #viruscoronavirus #merdeka #infojakarta #infokesehatan #beritaindonesia #beritanasional #faktaindo #faktaunik #faktadanmitos #indonesia #indonesiaku #indonesiasehat #sehat #sehatalami #sehatnegeriku #indonesiabebascovid #indonesiabebascovid19 #vaksÃ¬ncovid19 #vaksÃ¬nasicovid19 #vaksÃ¬nsinovac #vaksin3dReply;2021-04-06T11:24:56.000Z
72;dr.lois_owien;#beritaterkini #berita #beritaviral #beritaterbaru #covid_19 #covid19indonesia #covidindonesia #kabar #pandemi #viruscoronavirus #merdeka #infojakarta #infokesehatan #beritaindonesia #beritanasional #faktaindo #faktaunik #faktadanmitos #indonesia #indonesiaku #indonesiasehat #sehat #sehatalami #sehatnegeriku #indonesiabebascovid #indonesiabebascovid19 #vaksÃ¬ncovid19 #vaksÃ¬nasicovid19 #vaksÃ¬nsinovac #vaksin3dReply;2021-04-06T11:12:11.000Z
73;dr.lois_owien;#beritaterkini #berita #beritaviral #beritaterbaru #covid_19 #covid19indonesia #covidindonesia #kabar #pandemi #viruscoronavirus #merdeka #infojakarta #infokesehatan #beritaindonesia #beritanasional #faktaindo #faktaunik #faktadanmitos #indonesia #indonesiaku #indonesiasehat #sehat #sehatalami #sehatnegeriku #indonesiabebascovid #indonesiabebascovid19 #vaksÃ¬ncovid19 #vaksÃ¬nasicovid19 #vaksÃ¬nsinovac #vaksin3d1 likeReply;2021-04-06T11:10:20.000Z
74;mtf_lab;Kami hadir untuk Anda dengan wajah baru yang lebih istimewa!#mitrakorpora #mysafe #mysafeapp #beritaviruscorona #covidindonesia #covidindo #updatecovid #beritaviral #beritaviralindonesia #beritaviralhariini #dirumahaja #jagajakarta #covidjakarta #jakartatanggapcorona #hadapibersama #jagajarakaman #jagajarakdulu #pakaimasker #aplikasicovid19 #aplikasicovid #covid19 #covid19indonesia #beritacovid19 #beritacovid #beritakorona #lawancovid19 #pesanibu3d;2021-04-06T10:06:00.000Z
75;mtf_lab;Kami hadir untuk Anda dengan wajah baru yang lebih istimewa!#mitrakorpora #mysafe #mysafeapp #beritaviruscorona #covidindonesia #covidindo #updatecovid #beritaviral #beritaviralindonesia #beritaviralhariini #dirumahaja #jagajakarta #covidjakarta #jakartatanggapcorona #hadapibersama #jagajarakaman #jagajarakdulu #pakaimasker #aplikasicovid19 #aplikasicovid #covid19 #covid19indonesia #beritacovid19 #beritacovid #beritakorona #lawancovid19 #pesanibu3d;2021-04-06T10:05:33.000Z
76;mtf_lab;Kami hadir untuk Anda dengan wajah baru yang lebih istimewa!#mitrakorpora #mysafe #mysafeapp #beritaviruscorona #covidindonesia #covidindo #updatecovid #beritaviral #beritaviralindonesia #beritaviralhariini #dirumahaja #jagajakarta #covidjakarta #jakartatanggapcorona #hadapibersama #jagajarakaman #jagajarakdulu #pakaimasker #aplikasicovid19 #aplikasicovid #covid19 #covid19indonesia #beritacovid19 #beritacovid #beritakorona #lawancovid19 #pesanibu3d;2021-04-06T10:05:05.000Z
77;mysafeapp;Kami hadir untuk Anda dengan wajah baru yang lebih istimewa!#mitrakorpora #mysafe #mysafeapp #beritaviruscorona #covidindonesia #covidindo #updatecovid #beritaviral #beritaviralindonesia #beritaviralhariini #dirumahaja #jagajakarta #covidjakarta #jakartatanggapcorona #hadapibersama #jagajarakaman #jagajarakdulu #pakaimasker #aplikasicovid19 #aplikasicovid #covid19 #covid19indonesia #beritacovid19 #beritacovid #beritakorona #lawancovid19 #pesanibu3d;2021-04-06T09:59:53.000Z
78;mysafeapp;Kami hadir untuk Anda dengan wajah baru yang lebih istimewa!#mitrakorpora #mysafe #mysafeapp #beritaviruscorona #covidindonesia #covidindo #updatecovid #beritaviral #beritaviralindonesia #beritaviralhariini #dirumahaja #jagajakarta #covidjakarta #jakartatanggapcorona #hadapibersama #jagajarakaman #jagajarakdulu #pakaimasker #aplikasicovid19 #aplikasicovid #covid19 #covid19indonesia #beritacovid19 #beritacovid #beritakorona #lawancovid19 #pesanibu3d;2021-04-06T09:59:18.000Z
79;mysafeapp;Kami hadir untuk Anda dengan wajah baru yang lebih istimewa!#mitrakorpora #mysafe #mysafeapp #beritaviruscorona #covidindonesia #covidindo #updatecovid #beritaviral #beritaviralindonesia #beritaviralhariini #dirumahaja #jagajakarta #covidjakarta #jakartatanggapcorona #hadapibersama #jagajarakaman #jagajarakdulu #pakaimasker #aplikasicovid19 #aplikasicovid #covid19 #covid19indonesia #beritacovid19 #beritacovid #beritakorona #lawancovid19 #pesanibu3d;2021-04-06T09:58:28.000Z
80;info_indonesia.id;Update COVID-19 Global dan Indonesia, Selasa (6 April 2021).#updatecoronaindonesia #updatecorona #updatecovid19 #covidindonesia #corona #covid19indonesia #Infoindonesia3d;2021-04-06T09:55:26.000Z
81;dr.lois_owien;#beritaterkini #berita #beritaviral #beritaterbaru #covid_19 #covid19indonesia #covidindonesia #kabar #pandemi #viruscoronavirus #merdeka #infojakarta #infokesehatan #beritaindonesia #beritanasional #faktaindo #faktaunik #faktadanmitos #indonesia #indonesiaku #indonesiasehat #sehat #sehatalami #sehatnegeriku #indonesiabebascovid #indonesiabebascovid19 #vaksÃ¬ncovid19 #vaksÃ¬nasicovid19 #vaksÃ¬nsinovac #vaksin3dReply;2021-04-06T09:39:46.000Z
82;localpridesolutions;PERTAMA DI INDONESIA SARUNG ANTIVIRUS DAN BAKTERI .....GD VIROBANGD VIROBAN adalah sarung yang mengandung N9 XTS - 18 yang dapat menghilangkan virus dan bakteri, selain nyaman dipakai, aman dari virus dan bakteri.Informasi lebih lengkap cek @gajahduduk_id#sarungindonesia #gdviroban #antivirus #covidindonesia#antibakteri #covid_19 #sarunggajahduduk #sarungantivirus #localpridesolutions3d;2021-04-06T09:36:33.000Z
83;dr.fajriaddai;Recorded Insta Live dg @cofight_id: Mutasi Virus Corona, Apa Bahayanya?Akhir-akhir ini sedang menjadi 'hot issue' mutasi covid ini.Saya mencoba membahasakan dg bahasa yg mudah dimengerti karena topik ini memang agak rumit untuk dipahami.Rekaman berikut membahas:Apa itu mutasi?Apa itu gen, DNA, RNA ?Mengapa bisa terjadi mutasi?Apa dampak dari mutasi tersebut?Apakah varian baru masih dapat terlacak dg PCR?Bgmn cara membedakan varian dari COVID?dr. Muhamad Fajri Adda'i*monggo jika ingin share/repost ğŸ™#covidindonesia#covid19indonesia#updatecovid19#indonesialawancovid19#lawancovid_19#pakemasker#indonesiakuat#melawancorona#covid2020#rapidtestcorona#rapidtest#rapidtestkit#rapidtestcovid19#rapidtestcovid#rapidtes#alatmedis#mencegahcorona#coronaindonesia#cegahcorona#lawancorona#cucitangan#bersatulawancovid19#jagakesehatan#lawancovid19#indonesiasehat3d;2021-04-06T09:36:20.000Z
